date,account,amount,description,running_balance
2025-09-23,EUR Account,-2306,embrace efficient schemas,77694
2025-10-08,USD Account,1040,scale efficient portals,101040
2025-09-20,GBP Account,1823,re-intermediate web-enabled solutions,71823
2025-09-29,EUR Account,3983,enable 24/365 solutions,81677
2025-09-28,EUR Account,-2923,maximize global architectures,78754
2025-10-04,GBP Account,-4437,monetize transparent vortals,67386
2025-10-05,EUR Account,1232,iterate efficient models,79986
2025-10-07,USD Account,1540,deploy cutting-edge web services,102580
2025-10-02,EUR Account,-495,generate collaborative metrics,79491
2025-10-07,GBP Account,2448,drive turn-key e-tailers,69834
2025-10-10,GBP Account,-1839,disintermediate open-source architectures,67995
2025-09-23,USD Account,-3998,enable proactive systems,98582
2025-10-11,GBP Account,2307,redefine cutting-edge content,70302
2025-09-29,GBP Account,-1399,syndicate dot-com functionalities,68903
2025-10-05,GBP Account,-2376,brand cross-media bandwidth,66527
2025-10-05,EUR Account,3315,morph leading-edge e-tailers,82806
2025-10-02,USD Account,-2084,expedite leading-edge vortals,96498
2025-09-24,EUR Account,4567,empower holistic interfaces,87373
2025-10-03,USD Account,-2790,re-contextualize dynamic e-services,93708
2025-10-11,GBP Account,3371,integrate synergistic initiatives,69898
2025-10-10,USD Account,-2366,revolutionize B2C users,91342
2025-09-22,GBP Account,919,transition killer bandwidth,70817
2025-09-24,USD Account,-2502,empower back-end paradigms,88840
2025-10-09,GBP Account,-3334,syndicate compelling web services,67483
2025-10-06,EUR Account,-2907,re-contextualize dot-com niches,84466
2025-10-12,GBP Account,-3141,optimize one-to-one synergies,64342
2025-09-17,GBP Account,2737,envisioneer leading-edge e-commerce,67079
2025-09-21,EUR Account,2492,morph frictionless synergies,86958
2025-09-17,GBP Account,996,matrix sticky eyeballs,68075
2025-09-29,GBP Account,-3882,scale revolutionary channels,64193
2025-09-30,GBP Account,4693,target transparent models,68886
2025-09-28,USD Account,893,visualize leading-edge e-business,89733
2025-10-12,EUR Account,796,expedite customized paradigms,87754
2025-09-20,EUR Account,-3657,facilitate best-of-breed channels,84097
2025-09-28,GBP Account,3669,target bricks-and-clicks e-tailers,72555
2025-10-05,USD Account,1071,drive e-business functionalities,90804
2025-09-24,USD Account,-4702,deploy proactive architectures,86102
2025-09-24,USD Account,319,iterate plug-and-play paradigms,86421
2025-09-18,GBP Account,2415,grow frictionless systems,74970
2025-10-12,USD Account,3218,integrate user-centric channels,89639
2025-10-10,GBP Account,924,strategize robust schemas,75894
2025-10-02,USD Account,1116,incubate cross-platform architectures,90755
2025-10-10,GBP Account,2659,utilize integrated markets,78553
2025-10-02,GBP Account,2844,extend scalable systems,81397
2025-09-18,USD Account,3563,re-contextualize impactful relationships,94318
2025-09-25,GBP Account,614,integrate granular users,82011
2025-09-27,GBP Account,-729,brand best-of-breed solutions,81282
2025-10-02,EUR Account,4135,enhance holistic infrastructures,88232
2025-10-05,USD Account,-4806,aggregate cross-platform channels,89512
2025-09-24,GBP Account,2928,synthesize rich experiences,84210
